Content,video_title,Video publish time,views
Total,,,2811051
c9bw-s1JYEA,Dream's Mannequin Prank (SUS) (Dreamnotfound Animation) #minecraft #sus #cursed,"Aug 31, 2024",349252
4HRoknbTl1A,What's The Point Of The MASK??? [Dreamnotfound Minecraft Animation] #shorts #sus #dream,"Mar 16, 2024",288905
tUzJOAMwdok,Dream's new challenge be like (Fridge in Nuke Explosion) #minecraft #dream #georgenotfound,"Oct 23, 2024",124621
IWiPMhzdZrI,GeorgeNotFound Stuck at SUS Elevator Animation,"May 15, 2022",120739
eSCcCFSHKko,Sapnap Is Giving Away SUSSY Cereals For A Limited Time! | #ohdreamsgiveaway Animation,"Jul 10, 2022",115644
mfFnW36jKDg,Dream 'Tortures' GeorgeNotFound... But It's SUS | Dream SMP Animation,"Feb 5, 2022",113595
tTdUtb2XQ_0,Sapnap's Sad Anime AMONG US Eye #shorts,"Oct 14, 2022",110250
CwhO_zojQmU,Dream is GeorgeNotFound's (Dreamnotfound Animation) #sus #dream #georgenotfound,"Sep 28, 2024",96227
Hto1_NXl_CQ,Dream: GET IN THE BED! (Minecraft Speedrunner Spy VS Hunter Animation),"May 22, 2022",80099
lWjejWoMuTo,Dream cheers up georgenotfound #sus #minecraft #dream,"Oct 15, 2024",77912
H_kcgKLn_Wg,WAKE UP BRO IT IS 2021... But It's SUS [Minecraft Dream SMP Animation],"Feb 25, 2024",57273
sr6RNmIfaXc,Dream and GeorgeNotFound Hole In The Wall challenge #sus #dream #georgenotfound,"Oct 29, 2024",53180
GUujVhNpaLQ,"Dream's First Kiss, and it went SUS [Dreamnotfound Animation]","Sep 7, 2024",40697
uRp-GmdgtOQ,"Dream's First Kiss, and it went SUS [Dreamnotfound Animation]","Sep 7, 2024",39395
F6YZ6PpazgU,Best of Dream Team + SMP Animation 2022 Compilation Part 5,"Sep 17, 2022",38831
AtiBLfM58zw,"Sapnap Trapped in a SUS Cobweb! | Minecraft Speedrunner vs. MrBeast's $1,000,000 Challenge Animated","Aug 14, 2022",38486
r-d-l78mMwQ,Dream's new manhunt trick leaked (#1) #sus #dream #georgenotfound,"Sep 24, 2024",33718
ltGA0uDm-js,Dream's new manhunt trick... #lunchly #ksi #mrbeast #loganpaul,"Nov 6, 2024",28027
TmqktKadjJg,Dream Team + SMP Animation 2021 Compilation Part 4,"Jan 28, 2022",25380
XmIQbNp7FAk,Dream's Last Manhunt Animation... But It's SUS,"Mar 20, 2022",24966
iwp8LIDzxxg,Don't send this to dream (3) - GeorgeNotFound Honeypie Animation - JAWNY #dream #georgenotfound,"Oct 24, 2024",24825
82yBywv8PaE,Dream Got Rejected Animation,"Jun 26, 2021",24689
m9pJLTb92I0,Dream Team + SMP Animation 2021 Compilation Part 3,"Jan 22, 2022",24684
R79UW2Ap6jI,What's The Point Of The MASK??? (SUS?) [Dreamnotfound Minecraft Animation],"Mar 16, 2024",24159
arK2-l1z73M,Dream Is *MAD* At Sapnap... but it's a comparison! [Minecraft Animation] #dreamwastaken #minecraft,"Jan 14, 2024",23806
CRLVhQfWCU0,How To Survive An Elevator Fall #Dream #minecraft #georgenotfound,"Oct 28, 2024",22699
CVWK32y2dV4,Dream's Mannequin Prank (SUS) (Dreamnotfound Animation),"Aug 31, 2024",21807
hIuLJEIrGN8,Dream's Date Suspiciously GONE WRONG... Animation,"Jun 11, 2022",20616
7NW6ANTtfxQ,Where is my 'chest'? - Minecraft Animation #dream #georgenotfound #minecraft,"Nov 8, 2024",20304
hPpYLPtRO0Y,"GeorgeNotFound has a wild ""Dream"" #sus #dream #georgenotfound","Oct 22, 2024",19479
Cb-NhrfxYF0,Dream Interrupts George's Stream... BUT IT'S SUS,"Jun 18, 2022",17311
OShE1Ei2ezI,Dream Got TIRED of George Minecraft | Dreamnotfound Animation,"Aug 5, 2023",17134
w08EFfCwfZI,The only thing Dream needed - Minecraft Animation #dream #georgenotfound #sapnap,"Nov 9, 2024",16837
rkYsm5PMvYA,If Dream is in Parkour Civilization... #minecraft #dream #georgenotfound,"Nov 6, 2024",16628
O4Pg0Y7DRIA,GeorgeNotFound Dances to Doodle Song #dream #georgenotfound #sapnap,"Oct 17, 2024",15290
Yoh6Kceuvl0,I think i downloaded the wrong minecraft manhunt...,"Apr 1, 2023",15167
aYk6jHYKLmw,Sapnap Stuck Animation | Dream Team,"Mar 22, 2021",14199
OAEV9RfA9XI,Dream VS 5 Hunters FINALE...? Animation,"Sep 25, 2021",14161
Rm8DYt5A2-w,GeorgeNotFound MOANS with Dream Animation,"Aug 6, 2021",13140
ACrjrEymhaE,What was Dream thinking? #sus #minecraft #dream,"Sep 19, 2024",12603
M6umiYUrA8M,ðŸ”´ Dream SMP Animated SUS Adventures | 24 Hour Livestream MARATHON!!,,12125
iHOEpsMfsEM,Dreamnotfound's Song - Minecraft Animation #dream #georgenotfound #minecraft,"Nov 12, 2024",11191
FCK5Ne8FtpY,Dream is not having it... #sus #dream #georgenotfound,"Oct 16, 2024",11001
2qVASApTPAY,Dream is Georgenotfound's (GOOD ENDING) #dream #georgenotfound #dreamnotfound,"Oct 9, 2024",10672
v98H-GW2JnQ,Dream is a protective bf #dream #georgenotfound #minecraft,"Nov 13, 2024",10643
MAyVBbIc7lo,Dream Gets A Boner... and it's SUS | Dream SMP Minecraft Animation,"Jun 15, 2024",10222
DATY08KvDKQ,Georgenotfound meets creaking #dream #georgenotfound #minecraft,"Nov 10, 2024",10191
bT8wy4g3B8c,Dream Team + SMP Animation 2021 Compilation Part 1,"Jan 8, 2022",10047
SnnEEPc4tus,Dreamnotfound Love #minecraft #dream #georgenotfound,"Nov 16, 2024",9892
Tq08CPT4Xgg,When you're on a losing streak #sus #dream #georgenotfound,"Sep 17, 2024",9704
6RLAj_h5acA,George Meets Dream for the FIRST TIME - But What Happens Next? | Dreamnotfound Animation,"Dec 31, 2022",9590
vUYPrz6cSZ0,DREAM'S DATEN ROUTE (DREAMNOTFOUND ANIMATION),"Aug 16, 2024",9343
8lK6s5euk6U,Female GeorgeNotFound Jack-O Challenge [Minecraft Animation] #minecraft #dream #georgenotfound,"Feb 23, 2024",9198
rGL83EmTQ_c,Minecraft Manhunt but Gender Equality #dream #minecraft #georgenotfound,"Nov 13, 2024",9023
MfBu5VIJsvY,GeorgeNotFound buys strength potion... #sus #dream #georgenotfound,"Oct 13, 2024",9009
ZONiw9ZugXE,Dream being a 'Dad' Animation,"Jul 3, 2021",8500
wiMr1vdv2Ys,"Dreamnotfound's ""Wo Xing Shi"" - Minecraft Animation #Dream #georgenotfound #woxingshi","Nov 7, 2024",8133
ZFYwT0igtXc,Dream Team MLG  Water Comparison #minecraft #dream #mlg,"Nov 14, 2024",7949
O_ylN7939PA,Dream's Questionable Intentions in Pursuit of GeorgeNotFound's Kiss | Dreamnotfound Animated,"Jun 26, 2022",7937
pgBpn1I4dzA,Dream's Every Manhunt summed in 5 seconds. #dream #georgenotfound #minecraft,"Nov 8, 2024",7834
29wkT5Hiv-M,World's *SUSSIEST* Milk  #dream #technoblade,"Mar 12, 2023",7823
vmpghs-B0e0,Dream Escapes Area 51 - Minecraft Animation #dream #georgenotfound,"Nov 9, 2024",7769
a79zUURuP-w,Dream's Minecraft Manhunt VS Hurricane,"Oct 14, 2024",7613
ARe0ZxYlnPM,Minecraft (SUS) Carrot...,"Oct 3, 2024",7405
FQzINay16Vw,Drista Dirty Forks Dream Animation | Dream SMP,"Apr 7, 2021",7366
szU7hsJxrzY,GeorgeNotFound after Dream gave her 20$ #sus #dream #georgenotfound,"Sep 29, 2024",7315
kArGT26CsMk,It's just A Dream #minecraft #dream #georgenotfound,"Nov 15, 2024",6703
MCw154DiVDo,Technoblade VS 4 Hunters (SUS Prequel) - Dream SMP Animation #minecraft #dream #technoblade,"Jul 26, 2024",6700
h52RzvEifYU,MrBeast and Dream In Antartica... but it's CURSED [Minecraft Animation],"Dec 10, 2023",6515
tDNSZNMwSHg,Dream Cuddles With Sapnap In Bed Animation,"Sep 4, 2021",6504
BqwQNurUUTQ,Dream is JEALOUS of George Animation,"Jun 23, 2021",6467
cwmwhepDlek,If Georgenotfound turns Evil #dream #georgenotfound #sapnap,"Nov 10, 2024",6465
mz7IyBu0XxY,L'manburg if we don't kiss #sus #dream #georgenotfound,"Sep 18, 2024",6399
j_ggo4wPBC4,Dream And GeorgeNotFound's Future | Dream SMP Animation,"Feb 26, 2022",6269
48mQlYDaVlw,Dream Team + SMP Animation 2021 Compilation Part 2,"Jan 15, 2022",6223
jhH8a2FZWQ0,Dream VS Gumball... but It's SUS (DREAM DID WHAT?),"Dec 2, 2023",6173
XItOYk0NsR4,Dream Is *MAD* At Sapnap... but It's SUS [Minecraft Dream Team Animation],"Nov 25, 2023",6160
Pt3LFH0BuKI,GeorgeNotFound Wants to Ride Dream?!  #sus #minecraft #dream,"Nov 7, 2024",6081
Sz40iM7mTmE,Dream SMELLS GeorgeNotFound's Feet Animation... But It's SUS,"May 29, 2022",5557
anynmhgLui8,Dream vs 5 Hunters Finale Rematch But It's SUS Animation,"Dec 13, 2021",5343
BsYPzu3WdX8,Dream's 'Hole' Animation | Dream Team,"Apr 19, 2021",5314
_wGnwb1KTZ8,don't send this to dream (GEORGENOTFOUND'S KISS ME ANIMATION MEME) #sus #minecraft #dreammemes,"Oct 8, 2024",5145
fRCS6tKk5kU,If Dreamnotfound is on Squid Game #dream #minecraft #squid game,"Nov 11, 2024",5135
NYuJ6WV6glA,POV: You're an orphan (Part 1) #sus #technoblade #tommyinnit,"Sep 20, 2024",5081
5rT8xvR63nY,Antfrost vs Patches vs Dream #minecraft #dream #georgenotfound,"Nov 15, 2024",5033
43S1IrI1bxE,Dream's Secret (sus) Plan to SKYROCKET Georgenotfound's Views! | Dreamnotfound Animation,"Nov 4, 2022",4563
z3kBIrb0OdM,Minecraft Movie Trailer but it's (SUS) Dream SMP #1 #minecraft #dream #sus,"Sep 14, 2024",4525
VLWXeafthmo,DREAM'S DATEN ROUTE (DREAMNOTFOUND ANIMATION) #minecraft #sus #dream,"Aug 16, 2024",4487
WbdpdK9eEFU,Dream hits Drista | Dream SMP Animation 3D,"Feb 15, 2021",4225
Fh7WkpoAJQE,Dream's Biggest 'Fan' Animation,"Jul 31, 2021",4069
10dstWCf-2s,Me running from Area 51 with Minecraft 2 #shorts #dream #georgenotfound,"Nov 11, 2024",4039
XugssEbrmrY,Dreamnotfound Love 2 #minecraft #dream #georgenotfound,"Nov 17, 2024",3860
iUBtlUyb9dM,Technoblade VS 4 Hunters (SUS Prequel) - Dream SMP Animation,"Jul 26, 2024",3756
SnwU6W_oULE,Dream Gets A Boner... | Dream SMP Minecraft Animation #minecraft #dream #cursed,"Jun 15, 2024",3755
8brWNeKbqVE,GeorgeNotFound Stuck Animation | Dream Team,"Apr 30, 2021",3633
Bd9kUL44GXs,GeorgeNotFound Legs Are Shaking...  [Minecraft Animation] #minecraft #dream #georgenotfound,"Feb 24, 2024",3632
loef2R8Jsag,"GeorgeNotFound manhunt VS Dream, but it's animated #minecraft #georgenotfound #dream","Nov 16, 2024",3584
ocjNLM1pTTo,ðŸ”´ [MINECRAFT] THE HIVE (with the viewers!) (2)!,"Oct 26, 2024",3562
jaqS_RryGkk,Dream's Controversial 'House' Sparks a Fiery Debate with Technoblade | Dream SMP Animation,"Aug 1, 2022",3558
wgBzPps0Vg8,Sapnap Farts Animation | Dream's Stream,"Apr 3, 2021",3388
BgxhpKuKlEk,"Here's Your Receipt, Sir but it's DreamNotFound #shorts","Feb 25, 2023",3313
qR69RRiplYo,Dream Got Caught Doing 'Dirty' Stuff,"Aug 13, 2021",3308
-UrJuy4CmsE,Dream Gifts GeorgeNotFound His 'Bum' Animation,"Jun 21, 2021",3184
8jSz2fb4-Qs,Dream is jealous #minecraft #dream #georgenotfound,"Nov 14, 2024",3138
qh-vwqIBKl0,Remember sus carrot? #minecraft #dream #georgenotfound,"Nov 17, 2024",3097
h16wJBHg75o,Sapnap Discovers a Suspicious Dream Plushie... Animation,"Oct 1, 2022",3023
MHrroJ0J7sg,Dream Falls Off Chair | Dream Animation 3D,"Dec 30, 2020",3012
cdhVe5Eda0o,Dream being SUS at bedroom #dream #georgenotfound #dreamnotfound,"Nov 12, 2024",2940
soBqUGTTsbM,Dream Team Hardest Laugh Animation,"Mar 11, 2021",2811
9JLb18v_9tQ,Here is the Best Way to Enjoy *CAKE* #sus #shorts #minecraft  â€¦ [Minecraft Animation],"Jan 9, 2024",2799
kXdDZ2-_c3U,ðŸ”´ JUJUTSU SHENANIGANS #ROBLOX #SHORTS,"Nov 18, 2024",2775
rQPbmSeUBDM,Skeppy Will *COME* Back! [Minecraft Animation] #minecraft #dream #georgenotfound,"Mar 3, 2024",2761
LCq1_ZtC_gA,Dream's PRIVATE CHAT with GeorgeNotFound Animation,"Jul 24, 2021",2749
UzSDQs8aGsE,Dream Hardest Laugh Ever | Dream Team 3D Animation,"Dec 28, 2020",2673
q2mnK9flqOY,George (and Sapnap) Is Jealous... But It's SUS [Dreamnotfound + Karlnap Minecraft Animation],"Sep 17, 2023",2640
gC8YiK45Z8I,Dream Has An 'Interesting' Move Animation,"Nov 21, 2021",2583
pgP_nTnKwYo,GeorgeNotFound Zero Two Dance #sus [Minecraft Animation],"Jan 13, 2024",2452
tfqqTpIB11U,George Wants Dream's 'Hole' | Minecraft Death Shuffle Animation,"Oct 20, 2021",2436
csDI756NMKc,GeorgeNotFound Jack-O Challenge  [Minecraft Animation] #minecraft #dream #georgenotfound,"Feb 11, 2024",2423
VydXOeEsZ0E,Dream Has A 'Interesting' Voice Animation,"Nov 9, 2021",2412
6cIp7vwmMFo,GeorgeNotFound's PAWS DANCE (SAD CAT) Challenge | Dream SMP & Team Minecraft Animation #shorts,"Aug 23, 2022",2363
qbGk0ut2VPI,GeorgeNotFound Stuck (Again) In A Hole Animation | Dream SMP,"May 4, 2021",2341
zuqVjI9Qwk4,Dream STEALS GeorgeNotFound From Sapnap Animation,"Jul 9, 2021",2326
RNRRogL8Zko,Sapnap's PAWS DANCE (SAD CAT) Challenge: Dream SMP & Team Minecraft Animation #shorts,"Aug 28, 2022",2310
2IDAUY28gY8,First Person Who Falls Asleep At Sleepover Be Like: #sus #minecraft #dream,"Feb 2, 2024",2261
_2CmnOcva_s,George Shoots Dream's 'Kitten' #shorts,"Oct 22, 2022",2251
lkvxw-rguig,What does this mouth s*ck? [Dreamnotfound]  #shorts,"Feb 11, 2023",2230
BTg8LhEscC8,Drista Forks Dream | Dream SMP Animation 3D,"Feb 8, 2021",2103
bl3TlomiRDg,How Dangerous Are Fireworks at the New Year? #sus [Minecraft Animation] #minecraft #shorts,"Jan 5, 2024",1980
LWyzy8NxW6E,When You Accidentally Hit Iron Golem... [Minecraft Animation] #sus #minecraft #georgenotfound,"Feb 10, 2024",1957
alO8Htl_gEY,This is What Happen When You Bend Down... #sus #minecraft #dream,"Feb 2, 2024",1951
mbpl_UJw_dI,Technoblade hides Tommyinnit | Dream SMP Animation 3D,"Jan 24, 2021",1941
snp8MYmIryc,Dream and Badboyhalo's Vitamin 'D' Animation,"Jun 18, 2021",1878
B_sP4RqA38U,Dream's PAWS DANCE (SAD CAT) Challenge: Dream SMP & Team Minecraft Animation,"Aug 26, 2022",1850
HHAaqmjZPHs,Dream's CHAD Jawline WITHOUT FILTER!!! #shorts,"Oct 29, 2022",1848
2VKrtYq53NI,GeorgeNotFound Zero Two Dance #sus [Minecraft Animation] #minecraft #dreamwastaken #technoblade,"Jan 13, 2024",1815
_wFFLcXH8Tw,"[Dreamnotfound] ""Antartica, NOT a good place to get SICK in."" #shorts","Feb 4, 2023",1800
M9WD3GDttgQ,"""My Seed Has Come"" - GeorgeNotFound  #sus #minecraft #dream","Feb 3, 2024",1782
Tye7uh5ITaI,Sapnap EATS Lemon and Dies: Dream SMP & Team Minecraft Animation #shorts,"Sep 3, 2022",1764
7PY_d0oSu6Y,[BLOOPERS] Sapnap's PAWS DANCE (SAD CAT) Challenge: Dream SMP & Team Minecraft Animation #shorts,"Aug 30, 2022",1738
NZXSABNtifY,Technoblade Escapes Prison Animation,"Sep 19, 2021",1732
yCGfirckQhI,Dreamnotfound Caught in 4K ðŸ’šðŸ’™.... Animation #shorts,"Sep 23, 2022",1729
vE4gE3qsYBk,Badboyhalo Down Bad... | Dream SMP Animation,"Feb 19, 2022",1701
dLzPl6OrcFg,ðŸ”´ Lets BUILD in Minecraft AI! (Oasis Decart AI) #shorts #minecraft,"Nov 11, 2024",1586
KzeUAeBdac8,ðŸ”´THE STRONGEST BATTLEGROUNDS 1V1 WITH THE VIEWERES #SHORTS #ROBLOX,"Nov 18, 2024",1567
w7-Hrr9ETNo,"Dream On A Suit, GeorgeNotFound Being 'Suspicious' Animation","Aug 27, 2021",1502
c8iXWJvLPFQ,Dream Gets JEALOUS at GeorgeNotFound Again - Animation.,"Nov 1, 2021",1494
GJ79Rz528jM,ðŸ”´ [CUBECRAFT] SKYBLOCK,"Oct 19, 2024",1493
a0vOMJ2BiTA,Badboyhalo Traumatizes Georgenotfound... [Minecraft Animation] #minecraft #dream #georgenotfound,"Feb 4, 2024",1492
n5TzpFXotMc,Dream VS Technoblade Rematch Animation Teaser!,"Sep 17, 2023",1430
YnUbc72Aj7k,Drista Meets Technoblade | Dream SMP Animation 3D,"Feb 16, 2021",1380
vfbsLWGQxIQ,Technoblade Hides as Poster | Dream SMP Animation 3D,"Jan 20, 2021",1373
-E7F7d6tp2k,Dream Loses His 'Cool' (Coppa) Animation,"Sep 12, 2021",1368
CXk45wHnAvY,ðŸ”´ [ROBLOX] UNTITLED TAG GAME,"Oct 26, 2024",1290
vu-pZywryD8,Dream's 'Eggs' Gets Crushed... | Dream SMP Animation,"Jan 22, 2022",1281
O21wIBibdLw,Dream - Until I End Up Dead (Lyrics) [FanMV],"Oct 7, 2023",1275
Jjgp0_TKUPg,Dream Team Reality TV Show... Animation | Dream Shorts,"Feb 28, 2021",1261
wnEv4S7ip24,Dream Gets Robbed Animation | Dream Shorts,"Mar 7, 2021",1197
8P6rTFjFRao,Dream 'Eats' Badboyhalo and His 'Pet' Animation,"May 30, 2021",1189
6i5RTMX9ges,Dream Gets Jealous at 100 Floor Survival... Animation,"Apr 16, 2022",1144
Yh1mZlVUrYs,"GeorgeNotFound Meets GayNotFound, Dream Gets JEALOUS Animation","Jul 20, 2021",1136
UaTNhi0Cfe4,Dream VS 5 Hunters FINALE... The Musical Animation,"Oct 2, 2021",1068
0B1QOxApYeM,ðŸ”´ [ROBLOX] UNTITLED TAG GAME AGAIN (2),"Nov 10, 2024",1047
GThk23zjbWY,ðŸ”´ Minecraft SMP vs Viewers (on RTX 3080 + 7950X3D) #shorts #minecraft,"Nov 17, 2024",1003
RHQO7PHsDjk,Drista Forks Dream (Again) | Dream SMP Animation 3D,"Feb 13, 2021",973
Ixnn3KLoYv0,Dream Got Interrupted Animation,"Dec 25, 2021",927
4uppN90wzBE,Dream's 'Balls' Are On Fire Animation,"Jun 19, 2021",899
BctCh7lYeGA,TommyInnit & Tubbo VS Dream | Dream SMP Animation 3D,"Jan 31, 2021",896
queLMrz2GwA,"Dream and GeorgeNotFound's '1,5 inches' Animation","Aug 20, 2021",824
zNJI0jrjekY,Ranboo Wakes You Up | Dream SMP Animation 3D,"Feb 22, 2021",804
IgUQO-qSZis,Nobody Asked Dream | Dream Team Animation 3D,"Feb 1, 2021",770
CIH29XfXnLA,Dream WHEEZES at BALDboyhalo Animation,"May 19, 2021",679
vcv9wqvlVGY,Sapnap WANTS to CUDDLE With DREAM (AGAIN?!)... Animation,"Sep 10, 2021",675
PmcX0L0r8vg,ðŸ”´ Minecraft SMP vs Viewers (on RTX 3080 + 7950X3D) #shorts #minecraft,"Nov 17, 2024",674
tzncocDwny0,REMATCH (Dream VS Technoblade Rematch Fan Animation),"Sep 3, 2023",667
VV1yt1rXQp4,Dream's '6 Inch' Animation | Dream Team,"Apr 23, 2021",601
VDDdjBAeZFQ,Cut The Steak Animation | GeorgeNotFound's Cooking Stream,"Mar 29, 2021",563
3Mn82YfMbcc,Minecraft Gordon Ramsay Animation | Dream Shorts,"Feb 27, 2021",561
V6DB11gV-DE,Dream and George being drunk at BadBoyHalo's stream.,"Nov 14, 2020",551
0LT9SeENuy0,Dream Being Naughty Animation,"Jul 16, 2021",492
A3R6XA63KnQ,"Dream: ""Do You Want To See My 'Log'...?"" Animation","Oct 10, 2021",480
wliXYsV03bM,Technoblade Threatens TommyInnit | Dream SMP Animation 3D,"Mar 13, 2021",480
3-dpYfw_jPo,ðŸ”´ [ROBLOX] LETS PLAY CHAINED AGAIN!,"Oct 19, 2024",465
TLoadgwJayw,Dream Being 'Dirty' Animation,"Aug 7, 2021",455
eGGu1ps-f80,Dream Escapes Prison... Animation,"Oct 17, 2021",438
cPKEOVh1zaw,Dream is Homeless | Dream SMP Animation 3D,"Jan 2, 2021",331
wa0zFRjim8Q,Technoblade Scares Quackity Animation | Dream SMP,"Mar 24, 2021",299
sryRRVAe_DM,GeorgeNotFound's 'Schlong' Animation | Dream Team,"Apr 24, 2021",292
Z6l9tTwq7K4,Sapnap Loses His 'Cool' (COPPA) Animation,"Sep 17, 2021",283
jv_mQ3urmI0,GeorgeNotFound is THICC | Dream Team Animation,"Dec 7, 2020",277
Kfrpbo6-EQI,[Tribute] BEST Of Technoblade Animation Compliation (2020 -  2022),"Jul 2, 2022",270
wFjYeh_dp0Y,Dream's Hardest Laugh Ever.,"Sep 3, 2020",268
7PbcvHGLiRA,Technoblade 0 IQ: Minecart Animation,"May 8, 2021",255
VdMk3rawyOc,Mum Am I Adopted? | Dream SMP Animation 3D,"Jan 2, 2021",253
JCFkgyFP7wA,TECHNO-CHAN | Dream SMP Animation 3D,"Feb 7, 2021",244
yIquLuB8kKI,TommyInnit Attacks Technoblade | Dream SMP Animation 3D,"Feb 22, 2021",243
D0I2dxKR6U8,Drista Finds Tommy's Book | Dream SMP Animation 3D,"Feb 9, 2021",229
0NGJoyVvoR4,Technoblade Scams TommyInnit | Dream SMP Animation 3D,"Feb 2, 2021",222
QafRfIP19f4,Dream Falls In Ravine and Vanished | Dream Animation 3D,"Jan 1, 2021",221
cnSbKHL2ASo,Technoblade is Scared Of Creeper | Dream SMP Animation 3D,"Jan 13, 2021",217
SriXKnLu-1k,With Great Power Comes Great Responsibility... | Dream Shorts Animation 3D,"Feb 26, 2021",211
umgngxAKLos,Tommyinnit's 'Cock' Animation | Dream SMP,"May 23, 2021",194
NBAWkivH3eg,Badboyhalo SIMPS Quackity In A Skirt Animation (Sayaw Kikay),"May 15, 2021",193
w158-OrPBBs,Where Are The Askers? | Dream SMP Animation 3D,"Feb 3, 2021",184
rU4nkqqM67I,Tommyinnit is Adopted Again Animation,"May 12, 2021",183
tgRZQSjvKUM,Buff Quackity Animation,"May 14, 2021",174
Qa_sZTUW_C8,Badboyhalo Beats Quackity To Death (Canon) Animation | Dream SMP,"May 7, 2021",153
11RTDss9SDA,TommyInnit Dies Animation | Dream SMP,"Mar 20, 2021",151
60sQF7xjSCQ,Drista & TommyInnit eats 'Chocolate' | Dream SMP Animation 3D,"Feb 19, 2021",132
YC__phaxQWQ,George: Untie Me Dream ~,"Aug 24, 2020",123
BaIwoeNC_C8,"Dream: ""Hardened Clay ~"" ;)","Nov 4, 2020",116
aA9gsacTrG0,Technoblade's Revolution | Dream SMP Animation 3D,"Feb 4, 2021",107
kAa-9tUGBIM,TommyInnit's Mental Breakdown Animation.,"May 20, 2021",101
8MtyzZQpiLw,Dream yells at SapNap for yelling at BadBoyHalo animatic shorts.,"Sep 24, 2020",99
I8ouc2ZJxyw,"Dog Dream: ""I AM A DOG!"" but it's animatic.","Jun 9, 2020",97
KGlUE9EwiW4,Ride Wife? Life Good. | Dream Team Animation,"Dec 10, 2020",90
JK7oo_J2eAE,[Dream Team] GeorgeNotFound: Wanna See a Magic Trick?,"Dec 2, 2020",73
qsp6_lokxdM,"Dream: ""ugh, fine, i guess you are my little pogchamp"" animation","Nov 25, 2020",61
b6bLmc299uQ,Quackity Spells 'Economy' | Dream SMP Animation 3D: Tales From the SMP: The Masquerade,"Feb 5, 2021",60
G8OyBY0yutQ,How GeorgeNotFound takes a shower.,"Sep 24, 2020",54
_zCr7iQkkNc,Minecraft Speedrunner VS 3 Hunters REMATCH but it's animatic.,"Jun 1, 2020",54
3MeQy6I1OD0,Dream hates GeorgeNotFound.,"Aug 26, 2020",52
BQCQhyDXHW8,ðŸ”´ [MINECRAFT] THE HIVE AGAIN!!  (with the viewers!) (3)!,"Oct 5, 2024",39
YR7yWj8iPAM,[Dream Team] Sapnap Blows The Temple Animation,"Nov 29, 2020",34
Dc1_flQ5qTk,ðŸ”´ [ROBLOX] THEY ADDED STARBUCKS? BILBERRY CITY RP (with the viewers!),"Oct 13, 2024",33
egd2-4z0sTY,ðŸ”´ Just chatting!!! Live animation process with mine-imator! (8),"Sep 1, 2024",33
a-F8v7Pdwy8,Minecraft Speedrunner VS 3 Hunters FINALE REMATCH in a nutshell but it's animatic.,"Aug 5, 2020",30
ijw7KfHj6jc,ðŸ”´ [ROBLOX] EVADE,"Oct 6, 2024",29
hr4ZTp_deiE,POV: GeorgeNotFound in every manhunt in a nutshell.,"Nov 30, 2020",25
gA6IxSxk2QA,ðŸ”´ [MINECRAFT] THE HIVE (with the viewers!) (2)!,"Oct 1, 2024",24
2SyAqH4lOaQ,"""Hey shitass"" vs Dream Speedrunning but Surprisingly Better POV.","Oct 23, 2020",22
LjlsBxphSDs,"ðŸ”´ I react to ""I added humans to Minecraft...""","Aug 1, 2024",22
dPBbJArgLhQ,ðŸ”´ Just chatting!!! Live animation process with mine-imator! (6),"Aug 29, 2024",22
oBRQhbKydUY,ðŸ”´ Minecraft Speedrunner VS TITAN REACTION,"Sep 13, 2024",21
LFHM5sQOfJQ,ðŸ”´ [MINECRAFT] THE HIVE (with the viewers!) (4)!,"Oct 12, 2024",20
r2GVPaeoyjs,[Dream Team] GeorgeNotFound screams Universal Studio Intro,"Nov 3, 2020",20
I2XYgzveEXs,ðŸ”´ Live Dream SMP Animation (Rigging) with Modelbench,"Jul 27, 2024",18
1eFpGhqTCyM,SoraSkyAtic 's 22nd Birthday Stream (Just Chatting!),"Jan 10, 2024",16
w8iQYsI-yw0,ðŸ”´ Just chatting!!! Live animation process with mine-imator! (5),"Aug 27, 2024",16
RseJIBPKRq8,ðŸ”´ Just chatting!!! Live animation process with mine-imator! (7),"Aug 30, 2024",13
0LYd75D26j4,ðŸ”´ [MINECRAFT] THE HIVE,"Sep 29, 2024",11
6vuvV4r8gXQ,ðŸ”´ [ROBLOX] CHAINED!,"Sep 27, 2024",11
i6b8L_1BBYw,Minecraft Speedrunner VS 3 Hunters FINALE but it's animatic.,"Jun 30, 2020",11
js6KQ86NYHY,ðŸ”´ I am gonna react and re-animate minecraft trailer live (sus),"Sep 6, 2024",11
9IuCuHE6OUQ,Introducing: Dream Echo,"Jul 8, 2020",10
oUUAOuWntfc,"[Dream Team] Dream: ""I'm Clay, But I'm Hard ~"" ;)","Nov 5, 2020",10
sKMaPiY_A98,ðŸ”´ Live Technoblade Animating Session! (fr this time!!)),"Jul 14, 2024",10
K54MitYcmnQ,ðŸ”´ [ROBLOX] PRESSURE,"Sep 24, 2024",9
kbAIWE7x5R4,ðŸ”´ HYPIXEL PARTY GAMES!,"Sep 15, 2024",9
NKotyrD541g,[Dream Team] Sapnap Blowtorches a McChicken.,"Nov 7, 2020",8
u3x2D-_nBFI,ðŸ”´ Roblox Doors 2 - live gameplay!!,"Sep 13, 2024",7
y3W3LAEPHGM,ðŸ”´ [ROBLOX] DRESS TO IMPRESS,"Sep 22, 2024",7
XHTCeppNWDE,ðŸ”´ Let's Watch MrBeast Videos Together!!! - Just Chatting!!!,"Aug 23, 2024",6
YZDLQJVlTn0,ðŸ”´ [PART 1/2] THIS IS NOT A HORROR GAME RIGHT? Roblox: Rainbow Friends - Let's Play!,"Jan 22, 2024",5
2l15HS_Y1PI,ðŸ”´I talked with my AI! - Live Reaction,"Aug 22, 2024",4
GVtndhWYbSQ,"BaldBoyHalo, GeorgeNotFound and SapNap sings Baka Mitai (Dame Dane ~).","Aug 8, 2020",4
a1MEt6gvXxQ,"""Hey Shitass"" vs Dream Speed-bridging but Better POV.","Oct 22, 2020",4
wOoGF00Q0hs,ðŸ”´Technoblade VS 100 Minecraft YouTubers - Live Reaction,"Aug 9, 2024",4
5qHgEqKb2AU,"Minecraft Manhunt, but it's thick of it #minecraft #dream #georgenotfound",,3
LBAidq3E1R4,ðŸ”´ Honkai: Star Rail - Live Gameplay [First Time!] (Membership Giveaway),"Apr 28, 2024",3
ZLiCCUHgcmI,ðŸ”´ Roblox: [NIGHTMARE] The Mimic - Let's Play! (Membership Giveaway!),"Jan 29, 2024",3
c9O9DDdhQc0,ðŸ”´ So I Reacted to GeorgeNotfound's 150 Days in VR...,"Jan 15, 2024",3
2WSppfJB4NY,"Minecraft Manhunt, but it's thick of it #minecraft #dream #georgenotfound","Nov 18, 2024",2
6tZFcckyc5w,ðŸ”´ Wuthering Waves - Live Gameplay [First Time!],"Jun 2, 2024",2
iEYsROWE9QQ,ðŸ”´ Live Dream SMP Animation (Rigging) with Modelbench (Part 2),"Jul 27, 2024",2
rwiYwG26JCE,ðŸ”´ Live Animation (Movement) with Mine-imator (Part 1) - Just Chatting!!!,"Aug 3, 2024",2
uzl5dK_Umz8,ðŸ”´ Minecraft 1.21 UPDATE!!! (2),"Jun 22, 2024",2
xcAgyjJJtQ0,Dream Gets A Boner... - Behind The Scene Process!,,2
2CLwAzIYNhs,ðŸ”´ Live Animation (Movement) with Mine-imator (Part 3) - Just Chatting!!!,"Aug 8, 2024",1
9eX6Mag1jmo,ðŸ”´  [PART 2/2] THIS IS NOT A HORROR GAME RIGHT? Roblox: Rainbow Friends - Let's Play!,"Jan 22, 2024",1
LfNVTAo4Nwg,ðŸ”´ Just chatting!!! Live animation process with mine-imator! (4),"Aug 23, 2024",1
WauxYbFwZU8,ðŸ”´ Minecraft 1.21 UPDATE!!!,"Jun 15, 2024",1